b@gmail.com,2025-6-3 6:52:47
b@gmail.com,2025-6-3 6:55:10
v@gmail.com,2025-6-3 6:57:39
n@gmail.com,2025-6-3 6:58:0
n@gmail.com,2025-6-3 7:0:7
v@gmail.com,2025-6-3 7:2:33
n@gmail.com,2025-6-3 7:2:46
lara@gmail.com,2025-6-3 12:2:25
v@gmail.com,2025-6-3 12:3:58
m@gmail.com,2025-6-3 12:4:46
m@gmail.com,2025-6-3 12:6:1
m@gmail.com,2025-6-3 12:8:18
m@gmail.com,2025-6-3 13:9:56
m@gmail.com,2025-6-3 13:19:28
m@gmail.com,2025-6-3 13:22:42
m@gmail.com,2025-6-3 13:24:7
m@gmail.com,2025-6-3 13:25:11
m@gmail.com,2025-6-3 13:26:46
m@gmail.com,2025-6-3 13:27:41
m@gmail.com,2025-6-3 13:46:51
m@gmail.com,2025-6-3 14:0:2
n@gmail.com,2025-6-3 14:3:27
lara@gmail.com,2025-6-3 14:4:52
n@gmail.com,2025-6-3 14:6:4
v@gmail.com,2025-6-3 14:8:13
m@gmail.com,2025-6-3 14:12:38
m@gmail.com,2025-6-3 14:19:22
m@gmail.com,2025-6-3 14:20:52
hend@gmail.com,2025-6-3 14:22:12
m@gmail.com,2025-6-3 14:50:52
lara@gmail.com,2025-6-3 14:53:30
n@gmail.com,2025-6-3 14:54:17
m@gmail.com,2025-6-3 15:14:24
v@gmail.com,2025-6-3 15:21:49
m@gmail.com,2025-6-3 16:3:50
m@gmail.com,2025-6-3 16:8:53
m@gmail.com,2025-6-3 16:36:13
m@gmail.com,2025-6-3 16:48:54
m@gmail.com,2025-6-3 16:51:38
m@gmail.com,2025-6-3 16:52:20
v@gmail.com,2025-6-3 16:55:50
m@gmail.com,2025-6-3 16:56:16
n@gmail.com,2025-6-3 16:56:43
v@gmail.com,2025-6-3 19:10:6
r@gmail.com,2025-6-3 19:11:17
v@gmail.com,2025-6-4 9:46:46
v@gmail.com,2025-6-4 9:55:2
v@gmail.com,2025-6-4 9:56:18
v@gmail.com,2025-6-4 9:57:34
v@gmail.com,2025-6-4 9:58:45
v@gmail.com,2025-6-4 10:4:25
r@gmail.com,2025-6-4 10:8:34
r@gmail.com,2025-6-4 10:21:39
r@gmail.com,2025-6-4 10:26:4
r@gmail.com,2025-6-4 10:28:18
n@gmail.com,2025-6-4 10:56:24
n@gmail.com,2025-6-4 10:57:54
m@gmail.com,2025-6-4 10:58:9
n@gmail.com,2025-6-4 10:59:17
r@gmail.com,2025-6-4 11:28:36
r@gmail.com,2025-6-4 11:35:1
r@gmail.com,2025-6-4 11:37:47
r@gmail.com,2025-6-4 11:42:51
r@gmail.com,2025-6-4 11:49:10
r@gmail.com,2025-6-4 11:54:28
r@gmail.com,2025-6-4 11:55:30
r@gmail.com,2025-6-4 12:13:50
r@gmail.com,2025-6-4 12:17:26
r@gmail.com,2025-6-4 12:18:6
r@gmail.com,2025-6-4 12:24:35
r@gmail.com,2025-6-4 12:26:47
r@gmail.com,2025-6-4 12:31:36
r@gmail.com,2025-6-4 12:35:21
r@gmail.com,2025-6-4 12:37:48
r@gmail.com,2025-6-4 12:43:35
r@gmail.com,2025-6-4 15:50:34
r@gmail.com,2025-6-4 15:52:32
r@gmail.com,2025-6-4 15:55:23
n@gmail.com,2025-6-4 16:4:33
r@gmail.com,2025-6-4 16:7:16
n@gmail.com,2025-6-4 18:50:28
lara@gmail.com,2025-6-4 18:53:2
n@gmail.com,2025-6-4 18:53:58
r@gmail.com,2025-6-4 18:54:39
r@gmail.com,2025-6-4 19:1:34
r@gmail.com,2025-6-4 19:5:26
m@gmail.com,2025-6-5 10:9:4
v@gmail.com,2025-6-5 10:37:26
u@gmail.com,2025-6-5 10:40:15
r@gmail.com,2025-6-5 10:59:6
r@gmail.com,2025-6-5 11:5:15
r@gmail.com,2025-6-5 11:6:55
n@gmail.com,2025-6-5 11:31:45
n@gmail.com,2025-6-5 16:5:22
n@gmail.com,2025-6-5 16:5:42
n@gmail.com,2025-6-5 16:6:52
n@gmail.com,2025-6-5 16:9:8
n@gmail.com,2025-6-5 16:10:49
m@gmail.com,2025-6-5 16:14:20
r@gmail.com,2025-6-5 16:17:9
r@gmail.com,2025-6-5 16:31:52
v@gmail.com,2025-6-5 16:42:24
n@gmail.com,2025-6-5 17:48:2
r@gmail.com,2025-6-6 10:35:59
v@gmail.com,2025-6-6 10:36:20
n@gmail.com,2025-6-6 10:36:35
m@gmail.com,2025-6-6 10:36:47
r@gmail.com,2025-6-6 10:37:49
r@gmail.com,2025-6-6 10:44:13
r@gmail.com,2025-6-6 14:6:47
nan@gmail.com,2025-6-6 15:59:26
v@gmail.com,2025-6-6 16:4:46
r@gmail.com,2025-6-6 16:18:40
n@gmail.com,2025-6-6 18:46:0
m@gmail.com,2025-6-6 18:57:55
n@gmail.com,2025-6-6 19:1:24
r@gmail.com,2025-6-6 22:41:34
r@gmail.com,2025-6-6 22:42:40
n@gmail.com,2025-6-6 22:42:52
m@gmail.com,2025-6-6 22:43:28
n@gmail.com,2025-6-9 9:11:58
v@gmail.com,2025-6-9 9:16:24
v@gmail.com,2025-6-9 9:20:0
v@gmail.com,2025-6-9 12:17:49
v@gmail.com,2025-6-9 14:10:37
v@gmail.com,2025-6-9 15:25:55
n@gmail.com,2025-6-13 14:12:19
v@gmail.com,2025-6-23 15:59:9
n@gmail.com,2025-6-23 16:1:0
v@gmail.com,2025-7-29 23:42:5
n@gmail.com,2025-8-11 0:5:41
v@gmail.com,2025-10-23 16:50:51
v@gmail.com,2025-11-22 15:57:28
m@gmail.com,2025-11-22 16:0:20
u@gmail.com,2025-11-22 16:3:10
r@gmail.com,2025-11-22 16:5:10
v@gmail.com,2025-12-11 15:59:50
n@gmail.com,2025-12-11 16:0:48
m@gmail.com,2025-12-11 16:10:4
